{"cameraMode":{"drawMode":0,"name":"Shaded","section":"Shading Mode"},"sceneLighting":true,"audioPlay":false,"sceneViewState":{"showFog":true,"showMaterialUpdate":false,"showSkybox":true,"showFlares":true,"showImageEffects":true,"showParticleSystems":true},"in2DMode":false,"pivot":{"x":-0.38016989827156069,"y":1.1057016849517823,"z":-10.240291595458985},"rotation":{"x":-0.025830382481217386,"y":0.7021743655204773,"z":-0.025506999343633653,"w":-0.7110788226127625},"size":10.410447120666504,"orthographic":false}