{"cameraMode":{"drawMode":0,"name":"Shaded","section":"Shading Mode"},"sceneLighting":false,"audioPlay":false,"sceneViewState":{"showFog":true,"showMaterialUpdate":false,"showSkybox":true,"showFlares":true,"showImageEffects":true,"showParticleSystems":true},"in2DMode":false,"pivot":{"x":-0.46992528438568118,"y":1.7373498678207398,"z":-2.1740000247955324},"rotation":{"x":0.12100190669298172,"y":0.7281680703163147,"z":-0.13314980268478394,"w":0.6614007949829102},"size":1.4289418458938599,"orthographic":false}